seed,miss_rate,precision_at_2,recall_at_2
4,0.0,1.0,1.0
4,0.1,1.0,1.0
4,0.2,1.0,1.0
4,0.3,1.0,1.0
5,0.0,0.5,1.0
5,0.1,0.5,1.0
5,0.2,0.5,1.0
5,0.3,0.5,1.0
8,0.0,1.0,1.0
8,0.1,1.0,1.0
8,0.2,1.0,1.0
8,0.3,1.0,1.0
9,0.0,0.5,1.0
9,0.1,0.5,1.0
9,0.2,0.5,1.0
9,0.3,0.5,1.0
12,0.0,0.5,1.0
12,0.1,0.5,1.0
12,0.2,0.5,1.0
12,0.3,0.5,1.0
13,0.0,1.0,0.6666666666666666
13,0.1,1.0,0.6666666666666666
13,0.2,1.0,0.6666666666666666
13,0.3,1.0,0.6666666666666666
16,0.0,1.0,0.6666666666666666
16,0.1,1.0,0.6666666666666666
16,0.2,1.0,0.6666666666666666
16,0.3,1.0,0.6666666666666666
22,0.0,1.0,1.0
22,0.1,1.0,1.0
22,0.2,1.0,1.0
22,0.3,1.0,1.0
23,0.0,0.5,1.0
23,0.1,0.5,1.0
23,0.2,0.5,1.0
23,0.3,0.5,1.0
24,0.0,0.5,1.0
24,0.1,0.5,1.0
24,0.2,0.5,1.0
24,0.3,0.5,1.0
28,0.0,0.5,1.0
28,0.1,0.5,1.0
28,0.2,0.5,1.0
28,0.3,0.5,1.0
31,0.0,1.0,1.0
31,0.1,1.0,1.0
31,0.2,1.0,1.0
31,0.3,1.0,1.0
44,0.0,1.0,0.6666666666666666
44,0.1,1.0,0.6666666666666666
44,0.2,1.0,0.6666666666666666
44,0.3,1.0,0.6666666666666666
51,0.0,1.0,1.0
51,0.1,1.0,1.0
51,0.2,1.0,1.0
51,0.3,1.0,1.0
59,0.0,0.5,1.0
59,0.1,0.5,1.0
59,0.2,0.5,1.0
59,0.3,1.0,1.0
66,0.0,1.0,1.0
66,0.1,1.0,1.0
66,0.2,1.0,1.0
66,0.3,1.0,1.0
67,0.0,1.0,1.0
67,0.1,1.0,1.0
67,0.2,1.0,1.0
67,0.3,1.0,1.0
70,0.0,0.5,0.5
70,0.1,0.5,0.5
70,0.2,0.5,0.5
70,0.3,0.5,0.5
73,0.0,0.5,1.0
73,0.1,0.5,1.0
73,0.2,0.5,1.0
73,0.3,0.5,1.0
79,0.0,1.0,1.0
79,0.1,1.0,1.0
79,0.2,1.0,1.0
79,0.3,1.0,1.0
81,0.0,0.5,1.0
81,0.1,0.5,1.0
81,0.2,0.5,1.0
81,0.3,0.5,1.0
91,0.0,1.0,1.0
91,0.1,1.0,1.0
91,0.2,1.0,1.0
91,0.3,1.0,1.0
99,0.0,1.0,0.6666666666666666
99,0.1,1.0,0.6666666666666666
99,0.2,1.0,0.6666666666666666
99,0.3,1.0,0.6666666666666666
100,0.0,1.0,1.0
100,0.1,1.0,1.0
100,0.2,1.0,1.0
100,0.3,1.0,1.0
111,0.0,1.0,1.0
111,0.1,1.0,1.0
111,0.2,1.0,1.0
111,0.3,1.0,1.0
113,0.0,0.5,1.0
113,0.1,0.5,1.0
113,0.2,0.5,1.0
113,0.3,0.5,1.0
116,0.0,1.0,1.0
116,0.1,1.0,1.0
116,0.2,1.0,1.0
116,0.3,1.0,1.0
121,0.0,1.0,1.0
121,0.1,1.0,1.0
121,0.2,1.0,1.0
121,0.3,1.0,1.0
134,0.0,0.5,1.0
134,0.1,0.5,1.0
134,0.2,0.5,1.0
134,0.3,0.5,1.0
136,0.0,0.5,0.25
136,0.1,0.5,0.25
136,0.2,0.5,0.25
136,0.3,0.5,0.25
143,0.0,1.0,1.0
143,0.1,1.0,1.0
143,0.2,1.0,1.0
143,0.3,1.0,1.0
144,0.0,0.5,1.0
144,0.1,0.5,1.0
144,0.2,1.0,1.0
144,0.3,1.0,1.0
154,0.0,1.0,1.0
154,0.1,1.0,1.0
154,0.2,1.0,1.0
154,0.3,1.0,1.0
156,0.0,1.0,0.6666666666666666
156,0.1,1.0,0.6666666666666666
156,0.2,1.0,0.6666666666666666
156,0.3,1.0,0.6666666666666666
160,0.0,0.5,0.5
160,0.1,0.5,0.5
160,0.2,0.5,0.5
160,0.3,0.5,0.5
162,0.0,0.5,1.0
162,0.1,0.5,1.0
162,0.2,0.5,1.0
162,0.3,0.5,1.0
164,0.0,1.0,1.0
164,0.1,1.0,1.0
164,0.2,1.0,1.0
164,0.3,1.0,1.0
165,0.0,0.5,1.0
165,0.1,0.5,1.0
165,0.2,0.5,1.0
165,0.3,0.5,1.0
166,0.0,1.0,1.0
166,0.1,1.0,1.0
166,0.2,1.0,1.0
166,0.3,1.0,1.0
168,0.0,0.5,1.0
168,0.1,1.0,1.0
168,0.2,1.0,1.0
168,0.3,1.0,1.0
173,0.0,0.5,1.0
173,0.1,0.5,1.0
173,0.2,0.5,1.0
173,0.3,0.5,1.0
176,0.0,0.5,1.0
176,0.1,0.5,1.0
176,0.2,0.5,1.0
176,0.3,0.5,1.0
177,0.0,1.0,1.0
177,0.1,1.0,1.0
177,0.2,1.0,1.0
177,0.3,1.0,1.0
198,0.0,1.0,1.0
198,0.1,1.0,1.0
198,0.2,1.0,1.0
198,0.3,1.0,1.0
202,0.0,1.0,0.6666666666666666
202,0.1,1.0,0.6666666666666666
202,0.2,1.0,0.6666666666666666
202,0.3,1.0,0.6666666666666666
203,0.0,0.5,1.0
203,0.1,0.5,1.0
203,0.2,0.5,1.0
203,0.3,0.5,1.0
204,0.0,1.0,0.6666666666666666
204,0.1,1.0,0.6666666666666666
204,0.2,1.0,0.6666666666666666
204,0.3,1.0,0.6666666666666666
227,0.0,1.0,0.6666666666666666
227,0.1,1.0,0.6666666666666666
227,0.2,1.0,0.6666666666666666
227,0.3,1.0,0.6666666666666666
234,0.0,0.5,1.0
234,0.1,0.5,1.0
234,0.2,0.5,1.0
234,0.3,1.0,1.0
238,0.0,0.5,1.0
238,0.1,0.5,1.0
238,0.2,0.5,1.0
238,0.3,0.5,1.0
239,0.0,1.0,1.0
239,0.1,1.0,1.0
239,0.2,1.0,1.0
239,0.3,1.0,1.0
251,0.0,1.0,0.6666666666666666
251,0.1,1.0,0.6666666666666666
251,0.2,1.0,0.6666666666666666
251,0.3,1.0,0.6666666666666666
258,0.0,0.5,1.0
258,0.1,0.5,1.0
258,0.2,0.5,1.0
258,0.3,0.5,1.0
259,0.0,0.5,1.0
259,0.1,0.5,1.0
259,0.2,0.5,1.0
259,0.3,0.5,1.0
266,0.0,0.5,0.5
266,0.1,0.5,0.5
266,0.2,0.5,0.5
266,0.3,0.5,0.5
274,0.0,1.0,1.0
274,0.1,1.0,1.0
274,0.2,1.0,1.0
274,0.3,1.0,1.0
281,0.0,1.0,1.0
281,0.1,1.0,1.0
281,0.2,1.0,1.0
281,0.3,1.0,1.0
284,0.0,0.5,1.0
284,0.1,0.5,1.0
284,0.2,0.5,1.0
284,0.3,0.5,1.0
298,0.0,0.5,1.0
298,0.1,0.5,1.0
298,0.2,0.5,1.0
298,0.3,0.5,1.0
301,0.0,0.5,1.0
301,0.1,0.5,1.0
301,0.2,0.5,1.0
301,0.3,0.5,1.0
304,0.0,1.0,1.0
304,0.1,1.0,1.0
304,0.2,0.5,1.0
304,0.3,1.0,1.0
309,0.0,1.0,1.0
309,0.1,1.0,1.0
309,0.2,1.0,1.0
309,0.3,1.0,1.0
314,0.0,0.5,1.0
314,0.1,0.5,1.0
314,0.2,0.5,1.0
314,0.3,0.5,1.0
316,0.0,0.5,1.0
316,0.1,0.5,1.0
316,0.2,0.5,1.0
316,0.3,0.5,1.0
317,0.0,1.0,1.0
317,0.1,1.0,1.0
317,0.2,1.0,1.0
317,0.3,1.0,1.0
326,0.0,1.0,1.0
326,0.1,1.0,1.0
326,0.2,1.0,1.0
326,0.3,1.0,1.0
332,0.0,1.0,1.0
332,0.1,1.0,1.0
332,0.2,1.0,1.0
332,0.3,1.0,1.0
334,0.0,1.0,1.0
334,0.1,1.0,1.0
334,0.2,1.0,1.0
334,0.3,1.0,1.0
336,0.0,1.0,1.0
336,0.1,1.0,1.0
336,0.2,1.0,1.0
336,0.3,1.0,1.0
339,0.0,1.0,1.0
339,0.1,1.0,1.0
339,0.2,1.0,1.0
339,0.3,1.0,1.0
347,0.0,1.0,0.6666666666666666
347,0.1,1.0,0.6666666666666666
347,0.2,1.0,0.6666666666666666
347,0.3,1.0,0.6666666666666666
352,0.0,1.0,1.0
352,0.1,1.0,1.0
352,0.2,1.0,1.0
352,0.3,1.0,1.0
354,0.0,0.5,1.0
354,0.1,0.5,1.0
354,0.2,0.5,1.0
354,0.3,0.5,1.0
357,0.0,1.0,1.0
357,0.1,1.0,1.0
357,0.2,1.0,1.0
357,0.3,1.0,1.0
359,0.0,0.5,1.0
359,0.1,0.5,1.0
359,0.2,0.5,1.0
359,0.3,0.5,1.0
360,0.0,0.5,1.0
360,0.1,0.5,1.0
360,0.2,0.5,1.0
360,0.3,0.5,1.0
366,0.0,0.5,1.0
366,0.1,0.5,1.0
366,0.2,0.5,1.0
366,0.3,0.5,1.0
368,0.0,0.5,1.0
368,0.1,0.5,1.0
368,0.2,0.5,1.0
368,0.3,0.5,1.0
373,0.0,1.0,1.0
373,0.1,1.0,1.0
373,0.2,1.0,1.0
373,0.3,1.0,1.0
377,0.0,1.0,1.0
377,0.1,1.0,1.0
377,0.2,0.5,1.0
377,0.3,0.5,1.0
378,0.0,1.0,1.0
378,0.1,1.0,1.0
378,0.2,1.0,1.0
378,0.3,1.0,1.0
380,0.0,0.5,1.0
380,0.1,0.5,1.0
380,0.2,0.5,1.0
380,0.3,0.5,1.0
391,0.0,0.5,1.0
391,0.1,0.5,1.0
391,0.2,0.5,1.0
391,0.3,0.5,1.0
393,0.0,0.5,1.0
393,0.1,0.5,1.0
393,0.2,0.5,1.0
393,0.3,0.5,1.0
394,0.0,1.0,1.0
394,0.1,1.0,1.0
394,0.2,1.0,1.0
394,0.3,1.0,1.0
400,0.0,0.5,1.0
400,0.1,0.5,1.0
400,0.2,0.5,1.0
400,0.3,0.5,1.0
401,0.0,1.0,1.0
401,0.1,1.0,1.0
401,0.2,1.0,1.0
401,0.3,1.0,1.0
403,0.0,1.0,1.0
403,0.1,1.0,1.0
403,0.2,1.0,1.0
403,0.3,1.0,1.0
411,0.0,0.5,1.0
411,0.1,0.5,1.0
411,0.2,0.5,1.0
411,0.3,0.5,1.0
415,0.0,0.5,1.0
415,0.1,0.5,1.0
415,0.2,0.5,1.0
415,0.3,0.5,1.0
426,0.0,1.0,1.0
426,0.1,1.0,1.0
426,0.2,1.0,1.0
426,0.3,1.0,1.0
429,0.0,0.5,0.25
429,0.1,0.5,0.25
429,0.2,0.5,0.25
429,0.3,0.5,0.25
430,0.0,0.5,0.3333333333333333
430,0.1,0.5,0.3333333333333333
430,0.2,0.5,0.3333333333333333
430,0.3,0.5,0.3333333333333333
431,0.0,1.0,0.6666666666666666
431,0.1,1.0,0.6666666666666666
431,0.2,1.0,0.6666666666666666
431,0.3,1.0,0.6666666666666666
441,0.0,1.0,1.0
441,0.1,1.0,1.0
441,0.2,1.0,1.0
441,0.3,1.0,1.0
446,0.0,1.0,0.6666666666666666
446,0.1,1.0,0.6666666666666666
446,0.2,1.0,0.6666666666666666
446,0.3,1.0,0.6666666666666666
449,0.0,0.5,1.0
449,0.1,0.5,1.0
449,0.2,0.5,1.0
449,0.3,0.5,1.0
453,0.0,1.0,1.0
453,0.1,1.0,1.0
453,0.2,1.0,1.0
453,0.3,1.0,1.0
455,0.0,0.5,0.25
455,0.1,0.5,0.25
455,0.2,0.5,0.25
455,0.3,0.5,0.25
458,0.0,0.5,1.0
458,0.1,0.5,1.0
458,0.2,0.5,1.0
458,0.3,0.5,1.0
463,0.0,0.5,1.0
463,0.1,0.5,1.0
463,0.2,0.5,1.0
463,0.3,0.5,1.0
465,0.0,0.5,1.0
465,0.1,1.0,1.0
465,0.2,1.0,1.0
465,0.3,0.5,1.0
466,0.0,1.0,1.0
466,0.1,1.0,1.0
466,0.2,1.0,1.0
466,0.3,1.0,1.0
503,0.0,1.0,1.0
503,0.1,1.0,1.0
503,0.2,1.0,1.0
503,0.3,1.0,1.0
513,0.0,1.0,1.0
513,0.1,1.0,1.0
513,0.2,1.0,1.0
513,0.3,1.0,1.0
515,0.0,0.5,1.0
515,0.1,0.5,1.0
515,0.2,0.5,1.0
515,0.3,0.5,1.0
529,0.0,0.5,0.25
529,0.1,0.5,0.25
529,0.2,0.5,0.25
529,0.3,0.0,0.0
532,0.0,1.0,1.0
532,0.1,1.0,1.0
532,0.2,1.0,1.0
532,0.3,1.0,1.0
535,0.0,0.5,1.0
535,0.1,0.5,1.0
535,0.2,0.5,1.0
535,0.3,0.5,1.0
537,0.0,1.0,1.0
537,0.1,1.0,1.0
537,0.2,1.0,1.0
537,0.3,1.0,1.0
541,0.0,0.5,1.0
541,0.1,0.5,1.0
541,0.2,0.5,1.0
541,0.3,0.5,1.0
542,0.0,1.0,0.6666666666666666
542,0.1,1.0,0.6666666666666666
542,0.2,1.0,0.6666666666666666
542,0.3,1.0,0.6666666666666666
545,0.0,1.0,1.0
545,0.1,1.0,1.0
545,0.2,1.0,1.0
545,0.3,1.0,1.0
546,0.0,1.0,1.0
546,0.1,1.0,1.0
546,0.2,1.0,1.0
546,0.3,1.0,1.0
548,0.0,1.0,1.0
548,0.1,1.0,1.0
548,0.2,1.0,1.0
548,0.3,1.0,1.0
553,0.0,1.0,1.0
553,0.1,1.0,1.0
553,0.2,1.0,1.0
553,0.3,1.0,1.0
555,0.0,0.5,1.0
555,0.1,1.0,1.0
555,0.2,1.0,1.0
555,0.3,1.0,1.0
575,0.0,1.0,1.0
575,0.1,1.0,1.0
575,0.2,1.0,1.0
575,0.3,1.0,1.0
577,0.0,0.5,1.0
577,0.1,0.5,1.0
577,0.2,0.5,1.0
577,0.3,0.5,1.0
582,0.0,1.0,1.0
582,0.1,1.0,1.0
582,0.2,1.0,1.0
582,0.3,1.0,1.0
587,0.0,1.0,1.0
587,0.1,1.0,1.0
587,0.2,1.0,1.0
587,0.3,1.0,1.0
592,0.0,1.0,1.0
592,0.1,1.0,1.0
592,0.2,1.0,1.0
592,0.3,1.0,1.0
593,0.0,1.0,0.6666666666666666
593,0.1,1.0,0.6666666666666666
593,0.2,1.0,0.6666666666666666
593,0.3,1.0,0.6666666666666666
596,0.0,1.0,0.6666666666666666
596,0.1,1.0,0.6666666666666666
596,0.2,1.0,0.6666666666666666
596,0.3,1.0,0.6666666666666666
605,0.0,1.0,1.0
605,0.1,1.0,1.0
605,0.2,1.0,1.0
605,0.3,1.0,1.0
606,0.0,1.0,0.5
606,0.1,1.0,0.5
606,0.2,1.0,0.5
606,0.3,1.0,0.5
608,0.0,0.5,1.0
608,0.1,0.5,1.0
608,0.2,0.5,1.0
608,0.3,0.5,1.0
615,0.0,1.0,1.0
615,0.1,1.0,1.0
615,0.2,1.0,1.0
615,0.3,1.0,1.0
623,0.0,0.5,1.0
623,0.1,0.5,1.0
623,0.2,0.5,1.0
623,0.3,0.5,1.0
627,0.0,0.5,1.0
627,0.1,0.5,1.0
627,0.2,0.5,1.0
627,0.3,0.5,1.0
645,0.0,1.0,1.0
645,0.1,1.0,1.0
645,0.2,1.0,1.0
645,0.3,1.0,1.0
652,0.0,1.0,1.0
652,0.1,1.0,1.0
652,0.2,1.0,1.0
652,0.3,1.0,1.0
658,0.0,0.5,1.0
658,0.1,0.5,1.0
658,0.2,0.5,1.0
658,0.3,0.5,1.0
664,0.0,0.5,1.0
664,0.1,0.5,1.0
664,0.2,0.5,1.0
664,0.3,0.5,1.0
668,0.0,1.0,1.0
668,0.1,1.0,1.0
668,0.2,1.0,1.0
668,0.3,1.0,1.0
672,0.0,0.5,1.0
672,0.1,0.5,1.0
672,0.2,0.5,1.0
672,0.3,0.5,1.0
681,0.0,0.5,1.0
681,0.1,0.5,1.0
681,0.2,0.5,1.0
681,0.3,0.5,1.0
692,0.0,0.5,1.0
692,0.1,0.5,1.0
692,0.2,0.5,1.0
692,0.3,0.5,1.0
696,0.0,0.5,1.0
696,0.1,0.5,1.0
696,0.2,0.5,1.0
696,0.3,0.5,1.0
711,0.0,1.0,0.5
711,0.1,1.0,0.5
711,0.2,1.0,0.5
711,0.3,1.0,0.5
712,0.0,1.0,1.0
712,0.1,1.0,1.0
712,0.2,1.0,1.0
712,0.3,1.0,1.0
713,0.0,0.5,1.0
713,0.1,0.5,1.0
713,0.2,0.5,1.0
713,0.3,0.5,1.0
716,0.0,0.5,1.0
716,0.1,0.5,1.0
716,0.2,0.5,1.0
716,0.3,0.5,1.0
717,0.0,0.5,1.0
717,0.1,0.5,1.0
717,0.2,0.5,1.0
717,0.3,0.5,1.0
718,0.0,1.0,0.6666666666666666
718,0.1,1.0,0.6666666666666666
718,0.2,1.0,0.6666666666666666
718,0.3,1.0,0.6666666666666666
726,0.0,1.0,1.0
726,0.1,1.0,1.0
726,0.2,1.0,1.0
726,0.3,1.0,1.0
733,0.0,1.0,1.0
733,0.1,1.0,1.0
733,0.2,1.0,1.0
733,0.3,1.0,1.0
737,0.0,0.5,1.0
737,0.1,0.5,1.0
737,0.2,0.5,1.0
737,0.3,0.5,1.0
739,0.0,1.0,1.0
739,0.1,1.0,1.0
739,0.2,1.0,1.0
739,0.3,1.0,1.0
741,0.0,1.0,1.0
741,0.1,1.0,1.0
741,0.2,1.0,1.0
741,0.3,1.0,1.0
754,0.0,0.5,1.0
754,0.1,0.5,1.0
754,0.2,0.5,1.0
754,0.3,0.5,1.0
760,0.0,1.0,1.0
760,0.1,1.0,1.0
760,0.2,1.0,1.0
760,0.3,1.0,1.0
772,0.0,0.5,1.0
772,0.1,0.5,1.0
772,0.2,0.5,1.0
772,0.3,0.5,1.0
774,0.0,0.5,0.3333333333333333
774,0.1,0.5,0.3333333333333333
774,0.2,0.5,0.3333333333333333
774,0.3,0.5,0.3333333333333333
780,0.0,1.0,1.0
780,0.1,1.0,1.0
780,0.2,1.0,1.0
780,0.3,1.0,1.0
788,0.0,0.5,1.0
788,0.1,0.5,1.0
788,0.2,0.5,1.0
788,0.3,0.5,1.0
789,0.0,1.0,1.0
789,0.1,1.0,1.0
789,0.2,1.0,1.0
789,0.3,1.0,1.0
791,0.0,1.0,1.0
791,0.1,1.0,1.0
791,0.2,0.5,1.0
791,0.3,0.5,1.0
796,0.0,1.0,1.0
796,0.1,1.0,1.0
796,0.2,1.0,1.0
796,0.3,1.0,1.0
799,0.0,0.5,1.0
799,0.1,0.5,1.0
799,0.2,0.5,1.0
799,0.3,0.5,1.0
805,0.0,0.5,1.0
805,0.1,0.5,1.0
805,0.2,0.5,1.0
805,0.3,0.5,1.0
811,0.0,1.0,1.0
811,0.1,1.0,1.0
811,0.2,1.0,1.0
811,0.3,1.0,1.0
816,0.0,1.0,1.0
816,0.1,1.0,1.0
816,0.2,1.0,1.0
816,0.3,1.0,1.0
820,0.0,0.5,1.0
820,0.1,0.5,1.0
820,0.2,0.5,1.0
820,0.3,0.5,1.0
822,0.0,0.5,0.5
822,0.1,0.5,0.5
822,0.2,0.5,0.5
822,0.3,0.5,0.5
825,0.0,1.0,1.0
825,0.1,1.0,1.0
825,0.2,1.0,1.0
825,0.3,1.0,1.0
827,0.0,0.5,1.0
827,0.1,0.5,1.0
827,0.2,0.5,1.0
827,0.3,0.5,1.0
828,0.0,1.0,1.0
828,0.1,1.0,1.0
828,0.2,1.0,1.0
828,0.3,1.0,1.0
829,0.0,1.0,1.0
829,0.1,1.0,1.0
829,0.2,1.0,1.0
829,0.3,1.0,1.0
837,0.0,0.5,1.0
837,0.1,0.5,1.0
837,0.2,0.5,1.0
837,0.3,0.5,1.0
840,0.0,1.0,1.0
840,0.1,1.0,1.0
840,0.2,1.0,1.0
840,0.3,1.0,1.0
851,0.0,1.0,1.0
851,0.1,1.0,1.0
851,0.2,1.0,1.0
851,0.3,1.0,1.0
861,0.0,1.0,0.6666666666666666
861,0.1,1.0,0.6666666666666666
861,0.2,1.0,0.6666666666666666
861,0.3,1.0,0.6666666666666666
869,0.0,0.5,1.0
869,0.1,0.5,1.0
869,0.2,0.5,1.0
869,0.3,0.5,1.0
879,0.0,0.5,1.0
879,0.1,0.5,1.0
879,0.2,0.5,1.0
879,0.3,0.5,1.0
882,0.0,1.0,1.0
882,0.1,1.0,1.0
882,0.2,1.0,1.0
882,0.3,1.0,1.0
891,0.0,0.5,1.0
891,0.1,0.5,1.0
891,0.2,0.5,1.0
891,0.3,0.5,1.0
898,0.0,1.0,1.0
898,0.1,1.0,1.0
898,0.2,1.0,1.0
898,0.3,1.0,1.0
901,0.0,1.0,1.0
901,0.1,1.0,1.0
901,0.2,1.0,1.0
901,0.3,1.0,1.0
909,0.0,1.0,1.0
909,0.1,1.0,1.0
909,0.2,1.0,1.0
909,0.3,1.0,1.0
915,0.0,1.0,1.0
915,0.1,1.0,1.0
915,0.2,0.5,1.0
915,0.3,0.5,1.0
919,0.0,1.0,1.0
919,0.1,1.0,1.0
919,0.2,1.0,1.0
919,0.3,1.0,1.0
922,0.0,1.0,1.0
922,0.1,1.0,1.0
922,0.2,1.0,1.0
922,0.3,1.0,1.0
928,0.0,1.0,0.6666666666666666
928,0.1,1.0,0.6666666666666666
928,0.2,1.0,0.6666666666666666
928,0.3,1.0,0.6666666666666666
952,0.0,1.0,1.0
952,0.1,1.0,1.0
952,0.2,1.0,1.0
952,0.3,1.0,1.0
968,0.0,0.5,1.0
968,0.1,0.5,1.0
968,0.2,0.5,1.0
968,0.3,0.5,1.0
970,0.0,0.5,1.0
970,0.1,0.5,1.0
970,0.2,0.5,1.0
970,0.3,0.5,1.0
985,0.0,0.5,1.0
985,0.1,0.5,1.0
985,0.2,0.5,1.0
985,0.3,0.5,1.0
998,0.0,0.5,1.0
998,0.1,0.5,1.0
998,0.2,0.5,1.0
998,0.3,0.5,1.0
